station_no,n_cars,LAT,LON,geom,vehicle_list
3737,18,47.3783,8.53395,POINT (2682716.4815325523 1248073.0694663187),"[0, 1, 2, 3, 4, 5, 6, 7, 8, 9, 10, 11, 12, 13, 14, 15, 16, 17]"
3808,11,47.390726,8.49144,POINT (2679487.883740697 1249410.5586821053),"[18, 19, 20, 21, 22, 23, 24, 25, 26, 27, 28]"
3141,11,47.385847,8.518611,POINT (2681546.640586624 1248896.0276907699),"[29, 30, 31, 32, 33, 34, 35, 36, 37, 38, 39]"
2346,11,47.413251,8.545507,POINT (2683534.370971758 1251970.8795772945),"[40, 41, 42, 43, 44, 45, 46, 47, 48, 49, 50]"
1261,10,47.34951,8.56162,POINT (2684851.7240319126 1244902.0107904535),"[51, 52, 53, 54, 55, 56, 57, 58, 59, 60]"
1735,10,47.41068,8.54373,POINT (2683404.298451283 1251683.1653394285),"[61, 62, 63, 64, 65, 66, 67, 68, 69, 70]"
4847,8,47.41427,8.55495,POINT (2684245.357150442 1252094.2592441263),"[71, 72, 73, 74, 75, 76, 77, 78]"
1697,8,47.37213,8.52367,POINT (2681949.6936167525 1247376.3563625575),"[79, 80, 81, 82, 83, 84, 85, 86]"
1862,7,47.37635,8.527,POINT (2682194.673742464 1247848.9824348674),"[87, 88, 89, 90, 91, 92, 93]"
2396,6,47.36396,8.53047,POINT (2682475.8793806797 1246475.2120877786),"[94, 95, 96, 97, 98, 99]"
3235,5,47.39779,8.546,POINT (2683595.831854473 1250252.573068869),"[100, 101, 102, 103, 104]"
1840,5,47.36557,8.55669,POINT (2684453.8058231585 1246682.085365716),"[105, 106, 107, 108, 109]"
1755,5,47.3683,8.51949,POINT (2681639.8776527173 1246946.213179627),"[110, 111, 112, 113, 114]"
1802,5,47.37402,8.51442,POINT (2681248.236292519 1247576.8520003022),"[115, 116, 117, 118, 119]"
3182,4,47.36374,8.51631,POINT (2681406.6633403944 1246435.9685821263),"[120, 121, 122, 123]"
1257,4,47.4188,8.54376,POINT (2683393.848310392 1252585.9174545258),"[124, 125, 126, 127]"
4114,4,47.362785,8.521689,POINT (2681814.4245117526 1246335.3941871324),"[128, 129, 130, 131]"
3936,4,47.36354,8.56663,POINT (2685207.823594345 1246467.1552046973),"[132, 133, 134, 135]"
1850,4,47.36479,8.5105,POINT (2680966.2176012318 1246546.687579652),"[136, 137, 138, 139]"
3052,4,47.402545,8.500244,POINT (2680134.771637922 1250733.4632928262),"[140, 141, 142, 143]"
3987,4,47.388196,8.519597,POINT (2681617.488407522 1249158.195693468),"[144, 145, 146, 147]"
4494,4,47.368,8.53961,POINT (2683159.950740238 1246933.9888413602),"[148, 149, 150, 151]"
1258,4,47.39305,8.52946,POINT (2682354.6327522243 1249708.1290881515),"[152, 153, 154, 155]"
1264,4,47.34889,8.53338,POINT (2682719.054989527 1244802.9329661664),"[156, 157, 158, 159]"
1275,3,47.3382,8.53071,POINT (2682533.864162018 1243611.7116779785),"[160, 161, 162]"
3729,3,47.3439,8.53123,POINT (2682564.3370200107 1244245.928756714),"[163, 164, 165]"
4715,3,47.3799,8.52907,POINT (2682345.506747189 1248245.8113768448),"[166, 167, 168]"
2064,3,47.35115,8.52769,POINT (2682285.6622313694 1245048.1960710953),"[169, 170, 171]"
1668,3,47.36841,8.49644,POINT (2679898.806731402 1246934.717759782),"[172, 173, 174]"
1970,3,47.35964,8.5272,POINT (2682235.5482202754 1245991.521913519),"[175, 176, 177]"
1270,3,47.38608,8.49193,POINT (2679531.8097859095 1248894.5475545838),"[178, 179, 180]"
4007,3,47.4119,8.54523,POINT (2683515.5858646124 1251820.3909145654),"[181, 182, 183]"
4562,3,47.3863,8.52849,POINT (2682291.828268363 1248956.7014319918),"[184, 185, 186]"
3001,3,47.41923,8.50838,POINT (2680723.5797147695 1252596.7248043555),"[187, 188, 189]"
1966,3,47.38239,8.51413,POINT (2681213.5819820375 1248507.0593839968),"[190, 191, 192]"
4566,3,47.3815,8.48993,POINT (2679387.6266238233 1248383.3529048304),"[193, 194, 195]"
2361,3,47.39184,8.51655,POINT (2681381.8777865707 1249560.1422429394),"[196, 197, 198]"
2107,3,47.35812,8.55624,POINT (2684431.61368685 1245853.3818647396),"[199, 200, 201]"
1299,3,47.38517,8.5332,POINT (2682649.192984219 1248836.027408729),"[202, 203, 204]"
3172,3,47.35656,8.52325,POINT (2681941.9003940965 1245644.9836410263),"[205, 206, 207]"
1706,3,47.36169,8.5783,POINT (2686092.2839730866 1246274.2283847723),"[208, 209, 210]"
3836,3,47.36101,8.51667,POINT (2681438.0251126294 1246132.8448012434),"[211, 212, 213]"
2898,3,47.42224,8.54884,POINT (2683771.7499846932 1252973.762109029),"[214, 215, 216]"
2593,3,47.383063,8.531334,POINT (2682511.5660636006 1248599.8251472346),"[217, 218, 219]"
1824,3,47.3988,8.54162,POINT (2683263.628797249 1250360.1998919884),"[220, 221, 222]"
1843,3,47.386074,8.485801,POINT (2679069.0643833214 1248887.6870364223),"[223, 224, 225]"
1666,3,47.35157,8.58307,POINT (2686468.9989518155 1245154.4357972376),"[226, 227, 228]"
3259,3,47.36722,8.52167,POINT (2681806.184160518 1246828.4184881703),"[229, 230, 231]"
2153,3,47.36242,8.56349,POINT (2684972.433803449 1246339.2396529077),"[232, 233, 234]"
2420,3,47.3649,8.55038,POINT (2683978.2628125916 1246600.8291359711),"[235, 236, 237]"
3241,3,47.3976,8.48819,POINT (2679232.3008720246 1250171.4736176135),"[238, 239, 240]"
2243,2,47.36136,8.53247,POINT (2682630.9751459067 1246188.2717786843),"[241, 242]"
1277,2,47.37402,8.4845,POINT (2678988.6964927367 1247546.3050942896),"[243, 244]"
1963,2,47.369672,8.522726,POINT (2681882.1763990116 1247102.1118074444),"[245, 246]"
1800,2,47.40349,8.54857,POINT (2683780.8646421316 1250888.9936423611),"[247, 248]"
3263,2,47.38021,8.52424,POINT (2681980.313332622 1248275.2174190448),"[249, 250]"
2674,2,47.37645,8.51549,POINT (2681325.3344298485 1247848.1074466424),"[251, 252]"
1875,2,47.36143,8.55189,POINT (2684097.7887067324 1246216.6845502881),"[253, 254]"
1882,2,47.39575,8.50609,POINT (2680586.2976799873 1249984.0314420587),"[255, 256]"
4512,2,47.3723,8.55008,POINT (2683943.9504578435 1247423.1714877666),"[257, 258]"
2781,2,47.35731,8.51294,POINT (2681161.9013398658 1245717.6473737957),"[259, 260]"
2991,2,47.36896,8.54906,POINT (2683872.1735909916 1247050.7703345863),"[261, 262]"
3981,2,47.394456,8.474482,POINT (2678202.1503002024 1249808.1954575984),"[263, 264]"
1708,2,47.40326,8.55856,POINT (2684535.2435877896 1250874.138163543),"[265, 266]"
4480,2,47.4113,8.53977,POINT (2683104.4824850447 1251747.8908230874),"[267, 268]"
4431,2,47.394,8.52828,POINT (2682264.0855524163 1249812.5047838255),"[269, 270]"
4867,2,47.38642,8.49376,POINT (2679669.470857624 1248934.202443591),"[271, 272]"
4323,2,47.40606,8.58067,POINT (2686199.508962028 1251209.4720485134),"[273, 274]"
2084,2,47.33332,8.53479,POINT (2682849.767352076 1243073.5015572028),"[275, 276]"
1266,2,47.40235,8.49305,POINT (2679592.067235105 1250704.4632150778),"[277, 278]"
4869,2,47.38198,8.53585,POINT (2682854.2352191117 1248484.1847173919),"[279, 280]"
3266,2,47.37334,8.50294,POINT (2680382.300556459 1247489.43267944),"[281, 282]"
2914,2,47.40021,8.59396,POINT (2687212.1181895942 1250573.8058607106),"[283, 284]"
1957,2,47.378581,8.511325,POINT (2681007.5726997466 1248080.706499172),"[285, 286]"
1887,2,47.40386,8.57068,POINT (2685449.0630815593 1250953.9684986586),"[287, 288]"
1830,2,47.39646,8.53998,POINT (2683143.4868915617 1250098.3187448117),"[289, 290]"
3126,2,47.39485,8.52827,POINT (2682262.018411822 1249906.9905325526),"[291, 292]"
3822,2,47.37278,8.53063,POINT (2682474.3189786407 1247455.9093808886),"[293, 294]"
3211,2,47.38951,8.53921,POINT (2683096.1991174356 1249324.8593668886),"[295, 296]"
4092,2,47.37884,8.547121,POINT (2683710.2121217633 1248147.0688033751),"[297, 298]"
2100,2,47.38186,8.54285,POINT (2683382.9759210874 1248478.258671828),"[299, 300]"
2704,2,47.38068,8.54235,POINT (2683347.0673108585 1248346.5453539838),"[301, 302]"
1685,2,47.38797,8.54561,POINT (2683581.79426549 1249160.4521454272),"[303, 304]"
4701,2,47.3774,8.50785,POINT (2680746.9548156685 1247945.8311182586),"[305, 306]"
2699,2,47.40879,8.50453,POINT (2680448.8432895327 1251432.1235283471),"[307, 308]"
3171,2,47.38227,8.49557,POINT (2679812.343569312 1248474.676451249),"[309, 310]"
2911,2,47.37832,8.48725,POINT (2679189.987051335 1248027.1171892814),"[311, 312]"
4009,2,47.364369,8.526033,POINT (2682140.1081738356 1246516.0271635845),"[313, 314]"
1968,2,47.37852,8.51406,POINT (2681214.192984687 1248076.751944421),"[315, 316]"
4376,2,47.3629,8.56275,POINT (2684915.7734379354 1246391.8003312296),"[317, 318]"
2023,2,47.38679,8.52628,POINT (2682124.2146508615 1249008.8604002337),"[319, 320]"
1969,2,47.37466,8.52514,POINT (2682056.8159999503 1247659.1561244896),"[321, 322]"
1696,2,47.37232,8.51846,POINT (2681555.93448604 1247392.0511700676),"[323, 324]"
4514,2,47.3623,8.51618,POINT (2681399.042319434 1246275.74719775),"[325, 326]"
4419,2,47.3899,8.53495,POINT (2682773.976460149 1249363.7140314868),"[327, 328]"
3256,2,47.37972,8.55532,POINT (2684327.9415584803 1248253.6780214468),"[329, 330]"
2952,2,47.39319,8.5394,POINT (2683104.8042592574 1249734.1724833376),"[331, 332]"
4655,2,47.378,8.48915,POINT (2679333.938826703 1247993.4611253184),"[333, 334]"
1673,2,47.35941,8.56746,POINT (2685277.1215735776 1246008.9241414345),"[335, 336]"
2711,2,47.3958,8.53414,POINT (2682703.666828789 1250018.7739618423),"[337, 338]"
4656,2,47.398813,8.592008,POINT (2687067.0622636434 1250416.332397624),"[339, 340]"
4451,2,47.4182,8.55936,POINT (2684571.90209953 1252535.9098229744),"[341, 342]"
3159,2,47.38481,8.54204,POINT (2683317.2028899975 1248805.3538761612),"[343, 344]"
2152,2,47.39797,8.50139,POINT (2680228.159032127 1250226.0188058696),"[345, 346]"
3175,2,47.3572,8.5906,POINT (2687028.7016696646 1245788.6446152146),"[347, 348]"
4746,2,47.380663,8.548753,POINT (2683830.5802651946 1248351.4760102674),"[349, 350]"
2329,2,47.37517,8.51175,POINT (2681044.851601537 1247701.938448626),"[351, 352]"
4264,2,47.3693,8.51428,POINT (2681244.8566677603 1247051.977432407),"[353, 354]"
2543,2,47.3915,8.53529,POINT (2682797.159225009 1249541.9475607516),"[355, 356]"
3018,2,47.392684,8.526324,POINT (2682118.4537882973 1249664.1537089502),"[357, 358]"
3738,2,47.37194,8.51972,POINT (2681651.6736508375 1247351.1162871616),"[359, 360]"
4420,2,47.4145,8.55963,POINT (2684598.151855288 1252124.8637803546),"[361, 362]"
2336,2,47.38487,8.52405,POINT (2681958.8001697236 1248793.0791183682),"[363, 364]"
4519,2,47.3957,8.54492,POINT (2683517.5838762857 1250019.0740597616),"[365, 366]"
2838,2,47.396272,8.516421,POINT (2681365.3713940396 1250052.7239047652),"[367, 368]"
4265,2,47.3797,8.54407,POINT (2683478.4782800134 1248239.4258312627),"[369, 370]"
4364,2,47.39231,8.48954,POINT (2679342.0833091866 1249584.7334142206),"[371, 372]"
2128,2,47.37504,8.51746,POINT (2681476.2555169757 1247693.3989487751),"[373, 374]"
1734,2,47.407,8.53768,POINT (2682953.4543137886 1251267.638357837),"[375, 376]"
5231,2,47.386802,8.518215,POINT (2681515.2809382635 1249001.785471714),"[377, 378]"
1688,2,47.41104,8.53334,POINT (2682619.6391623793 1251712.1962312406),"[379, 380]"
1801,2,47.4018,8.54611,POINT (2683597.8431072226 1250698.4894644867),"[381, 382]"
4305,2,47.3927,8.53099,POINT (2682470.677182011 1249670.825736148),"[383, 384]"
3700,2,47.4243,8.50278,POINT (2680293.3866751865 1253154.628894452),"[385, 386]"
2062,2,47.38973,8.51542,POINT (2681299.7886621524 1249324.39770901),"[387, 388]"
4627,1,47.3548,8.55919,POINT (2684659.7309718807 1245487.4752917222),[389]
4064,1,47.3832,8.54211,POINT (2683325.005244142 1248626.4422366475),[390]
4066,1,47.406029,8.552127,POINT (2684045.3304226394 1251175.0629390308),[391]
2851,1,47.41428,8.50785,POINT (2680691.0870651565 1252045.8723331469),[392]
4633,1,47.3873,8.53686,POINT (2682922.2201007223 1249076.6841630312),[393]
3982,1,47.402837,8.495484,POINT (2679775.054598705 1250761.0759607027),[394]
4005,1,47.393049,8.521273,POINT (2681736.5808144826 1249699.4581315182),[395]
2007,1,47.37585,8.51474,POINT (2681269.6123981504 1247780.6274539058),[396]
3255,1,47.34472,8.52824,POINT (2682337.141716329 1244333.9468393782),[397]
3177,1,47.38912,8.53014,POINT (2682412.044874444 1249271.9374433903),[398]
4531,1,47.3863,8.5463,POINT (2683636.5094027924 1248975.5310221617),[399]
4477,1,47.4104,8.56392,POINT (2684928.4170966884 1251673.6926230974),[400]
4776,1,47.387987,8.494522,POINT (2679724.659127276 1249109.1835382078),[401]
4184,1,47.375933,8.554337,POINT (2684259.700988842 1247831.6177197623),[402]
2957,1,47.35529,8.57192,POINT (2685620.6415620046 1245555.7605849064),[403]
4740,1,47.34049,8.519998,POINT (2681720.8517981027 1243855.0806709644),[404]
2369,1,47.38875,8.47945,POINT (2678585.6020109113 1249178.8056042467),[405]
3102,1,47.36048,8.57143,POINT (2685575.294705173 1246132.198011298),[406]
3111,1,47.39137,8.48552,POINT (2679039.9932378395 1249476.1743595025),[407]
4612,1,47.359,8.58996,POINT (2686977.4185425197 1245988.0402106007),[408]
4157,1,47.368623,8.492882,POINT (2679629.7621203396 1246954.7808780207),[409]
1951,1,47.39138,8.53311,POINT (2682632.7680854155 1249526.3090689452),[410]
4894,1,47.37897,8.49136,POINT (2679499.3777282764 1248103.534705478),[411]
4874,1,47.37847,8.49974,POINT (2680132.9234011653 1248056.4719181908),[412]
3797,1,47.37111,8.55833,POINT (2684568.887284288 1247299.7365517179),[413]
2324,1,47.40014,8.58597,POINT (2686609.138602069 1250557.1743050443),[414]
4878,1,47.37246,8.53329,POINT (2682675.7003574218 1247423.1336641063),[415]
3205,1,47.39609,8.51401,POINT (2681183.648028768 1250029.9934650536),[416]
3029,1,47.41574,8.55255,POINT (2684061.9293174474 1252255.1086410796),[417]
4003,1,47.40443,8.53421,POINT (2682695.555241473 1250978.2631209062),[418]
2377,1,47.393399,8.50819,POINT (2680748.3860123744 1249724.823713839),[419]
2770,1,47.32583,8.5142,POINT (2681305.0552807394 1242219.3029597995),[420]
3935,1,47.38377,8.52635,POINT (2682134.1537654065 1248673.1949442227),[421]
4509,1,47.421,8.5008,POINT (2680148.9656064333 1252785.7321252455),[422]
4076,1,47.36021,8.56366,POINT (2684988.7974022804 1246093.737595247),[423]
5249,1,47.379053,8.509486,POINT (2680867.9886168316 1248131.2828619366),[424]
4422,1,47.3574,8.51455,POINT (2681283.388195754 1245729.3191732184),[425]
1268,1,47.36859,8.506,POINT (2680620.575619448 1246964.5061827158),[426]
2982,1,47.40785,8.53637,POINT (2682853.2638300247 1251360.7508454667),[427]
2740,1,47.41603,8.54577,POINT (2683549.8585520033 1252280.107675719),[428]
4816,1,47.393531,8.484446,POINT (2678955.709766967 1249715.3376234036),[429]
1984,1,47.38306,8.5489,POINT (2683837.909539575 1248618.1104225083),[430]
3966,1,47.39031,8.540322,POINT (2683178.902940985 1249414.9748108224),[431]
2766,1,47.40015,8.509177,POINT (2680812.6569273164 1250476.3652693552),[432]
2088,1,47.37901,8.50782,POINT (2680742.250556117 1248124.7869723607),[433]
4850,1,47.37592,8.49541,POINT (2679809.7695703167 1247768.5706165803),[434]
4819,1,47.393574,8.484467,POINT (2678957.2313840874 1249720.1391846754),[435]
3958,1,47.38666,8.49751,POINT (2679952.24273703 1248964.6976844098),[436]
4441,1,47.4064,8.55891,POINT (2684556.6766016237 1251223.5946981432),[437]
1726,1,47.39245,8.54418,POINT (2683466.8134033475 1249656.978672159),[438]
4097,1,47.41048,8.537021,POINT (2682898.3025349574 1251653.8217558519),[439]
2830,1,47.3868,8.47295,POINT (2678097.717326874 1248955.5297347968),[440]
4788,1,47.381124,8.54828,POINT (2683794.1395923127 1248402.2207260467),[441]
2008,1,47.37227,8.51495,POINT (2681290.9300410408 1247382.8506327227),[442]
3247,1,47.37582,8.52485,POINT (2682033.1305665434 1247787.8117980366),[443]
3156,1,47.41564,8.52984,POINT (2682348.3947294885 1252219.9113941935),[444]
4004,1,47.364319,8.519637,POINT (2681657.0772387497 1246503.7933885145),[445]
4748,1,47.370946,8.51145,POINT (2681028.6165591287 1247232.039683905),[446]
4361,1,47.3688,8.53055,POINT (2682474.434467378 1247013.3639879585),[447]
2759,1,47.40479,8.55028,POINT (2683907.882671853 1251035.3442816315),[448]
3289,1,47.39364,8.54419,POINT (2683465.704342118 1249789.283603331),[449]
4671,1,47.3986,8.5254,POINT (2682039.589575638 1250320.881543408),[450]
4301,1,47.3358,8.51919,POINT (2681666.9738348406 1243332.8507368488),[451]
3249,1,47.38851,8.5368,POINT (2682915.807464637 1249211.1384526584),[452]
1690,1,47.3962,8.52574,POINT (2682068.9507248956 1250054.4237987162),[453]
2888,1,47.38118,8.48376,POINT (2678922.210312875 1248341.554282334),[454]
1729,1,47.40457,8.49839,POINT (2679991.7932681385 1250956.696894781),[455]
2707,1,47.3666,8.50194,POINT (2680316.933765117 1246739.1115108342),[456]
1979,1,47.38808,8.53732,POINT (2682955.7359525724 1249163.8842225156),[457]
4010,1,47.362385,8.560222,POINT (2684725.64105933 1246331.8150547545),[458]
3208,1,47.35269,8.55826,POINT (2684592.820431711 1245251.9035259415),[459]
3233,1,47.41471,8.5596,POINT (2684595.5544892633 1252148.1775833762),[460]
1774,1,47.37457,8.54875,POINT (2683839.9369995175 1247674.107558038),[461]
4152,1,47.377288,8.515885,POINT (2681353.8841569726 1247941.6787431857),[462]
2051,1,47.37971,8.52213,POINT (2681821.7541619204 1248217.4294167967),[463]
2073,1,47.36948,8.55799,POINT (2684545.794620235 1247118.162069116),[464]
3087,1,47.3869,8.53895,POINT (2683080.6387673393 1249034.4261668448),[465]
3983,1,47.406967,8.548451,POINT (2683766.4155599168 1251275.411691876),[466]
4785,1,47.382314,8.553362,POINT (2684175.9949723724 1248539.9535028925),[467]
1702,1,47.3837,8.48043,POINT (2678667.044414238 1248618.3654560621),[468]
4791,1,47.38337,8.54565,POINT (2683592.0290557086 1248649.1063421206),[469]
3948,1,47.407312,8.579107,POINT (2686079.5217671343 1251346.9428978628),[470]
3131,1,47.3492,8.57023,POINT (2685502.734467175 1244876.8940506834),[471]
2913,1,47.33461,8.52667,POINT (2682234.0962200933 1243208.369727201),[472]
4827,1,47.38557,8.54352,POINT (2683427.758361619 1248891.4166001626),[473]
4526,1,47.3556,8.52864,POINT (2682350.5639418336 1245543.90201097),[474]
4666,1,47.3793,8.54569,POINT (2683601.4330519144 1248196.6819894407),[475]
4283,1,47.3875,8.53776,POINT (2682989.85869535 1249099.8699167627),[476]
4681,1,47.4164,8.55327,POINT (2684115.217853 1252329.25391011),[477]
3968,1,47.3994,8.53209,POINT (2682543.3391133593 1250416.834896084),[478]
3123,1,47.42357,8.53514,POINT (2682736.0126196505 1253107.0869018675),[479]
4695,1,47.379905,8.506134,POINT (2680613.583371317 1248222.5524979872),[480]
1670,1,47.37135,8.49473,POINT (2679765.255981314 1247259.8233556296),[481]
1978,1,47.36372,8.55814,POINT (2684566.2595300907 1246477.9816372523),[482]
3760,1,47.4108,8.54696,POINT (2683647.867753939 1251699.9440817449),[483]
4712,1,47.4149,8.55227,POINT (2684042.126043486 1252161.4240020092),[484]
4630,1,47.4209,8.50749,POINT (2680653.89563981 1252781.4691380048),[485]
4790,1,47.38505,8.54934,POINT (2683868.000529226 1248839.811424184),[486]
3246,1,47.33222,8.52834,POINT (2682363.996121869 1242944.4248420647),[487]
2889,1,47.38983,8.53131,POINT (2682499.2778583304 1249352.098827462),[488]
3251,1,47.42438,8.51301,POINT (2681065.097707594 1253174.0403495484),[489]
4231,1,47.36179,8.50314,POINT (2680414.823816289 1246205.6054991551),[490]
1693,1,47.41444,8.5193,POINT (2681554.8832546654 1252075.4966748673),[491]
4744,1,47.40624,8.482285,POINT (2678773.7801203923 1251126.064660497),[492]
4875,1,47.40498,8.56448,POINT (2684979.3243198344 1251071.7478206072),[493]
3057,1,47.37953,8.54225,POINT (2683341.31453339 1248218.5921847087),[494]
